Route Name,Final Destination,Speed_kmh,Turnaround_min,Trips_per_Bus_per_Day
Shirpur–Dhule,Dhule,30,5,2
Shirpur–Dhule,Dhule,30,5,2
Shirpur–Dhule,Dhule,30,5,2
Shirpur–Dhule,Dhule,30,5,2
Shirpur–Chopda,Chopda,30,5,2
Shirpur–Chopda,Chopda,30,5,2
Shirpur–Chopda,Chopda,30,5,2
Shirpur–Dhule,Dhule,30,10,2
Shirpur–Dhule,Dhule,30,10,2
Shirpur–Dhule,Dhule,30,10,2
Shirpur–Dhule,Dhule,30,10,2
Shirpur–Chopda,Chopda,30,10,2
Shirpur–Chopda,Chopda,30,10,2
Shirpur–Chopda,Chopda,30,10,2
Shirpur–Dhule,Dhule,30,15,2
Shirpur–Dhule,Dhule,30,15,2
Shirpur–Dhule,Dhule,30,15,2
Shirpur–Dhule,Dhule,30,15,2
Shirpur–Chopda,Chopda,30,15,2
Shirpur–Chopda,Chopda,30,15,2
Shirpur–Chopda,Chopda,30,15,2
Shirpur–Dhule,Dhule,30,20,2
Shirpur–Dhule,Dhule,30,20,2
Shirpur–Dhule,Dhule,30,20,2
Shirpur–Dhule,Dhule,30,20,2
Shirpur–Chopda,Chopda,30,20,2
Shirpur–Chopda,Chopda,30,20,2
Shirpur–Chopda,Chopda,30,20,2
Shirpur–Dhule,Dhule,30,30,2
Shirpur–Dhule,Dhule,30,30,2
Shirpur–Dhule,Dhule,30,30,2
Shirpur–Dhule,Dhule,30,30,2
Shirpur–Chopda,Chopda,30,30,2
Shirpur–Chopda,Chopda,30,30,2
Shirpur–Chopda,Chopda,30,30,2
Shirpur–Dhule,Dhule,35,5,2
Shirpur–Dhule,Dhule,35,5,2
Shirpur–Dhule,Dhule,35,5,2
Shirpur–Dhule,Dhule,35,5,2
Shirpur–Chopda,Chopda,35,5,3
Shirpur–Chopda,Chopda,35,5,3
Shirpur–Chopda,Chopda,35,5,3
Shirpur–Dhule,Dhule,35,10,2
Shirpur–Dhule,Dhule,35,10,2
Shirpur–Dhule,Dhule,35,10,2
Shirpur–Dhule,Dhule,35,10,2
Shirpur–Chopda,Chopda,35,10,2
Shirpur–Chopda,Chopda,35,10,2
Shirpur–Chopda,Chopda,35,10,2
Shirpur–Dhule,Dhule,35,15,2
Shirpur–Dhule,Dhule,35,15,2
Shirpur–Dhule,Dhule,35,15,2
Shirpur–Dhule,Dhule,35,15,2
Shirpur–Chopda,Chopda,35,15,2
Shirpur–Chopda,Chopda,35,15,2
Shirpur–Chopda,Chopda,35,15,2
Shirpur–Dhule,Dhule,35,20,2
Shirpur–Dhule,Dhule,35,20,2
Shirpur–Dhule,Dhule,35,20,2
Shirpur–Dhule,Dhule,35,20,2
Shirpur–Chopda,Chopda,35,20,2
Shirpur–Chopda,Chopda,35,20,2
Shirpur–Chopda,Chopda,35,20,2
Shirpur–Dhule,Dhule,35,30,2
Shirpur–Dhule,Dhule,35,30,2
Shirpur–Dhule,Dhule,35,30,2
Shirpur–Dhule,Dhule,35,30,2
Shirpur–Chopda,Chopda,35,30,2
Shirpur–Chopda,Chopda,35,30,2
Shirpur–Chopda,Chopda,35,30,2
Shirpur–Dhule,Dhule,40,5,3
Shirpur–Dhule,Dhule,40,5,3
Shirpur–Dhule,Dhule,40,5,3
Shirpur–Dhule,Dhule,40,5,3
Shirpur–Chopda,Chopda,40,5,3
Shirpur–Chopda,Chopda,40,5,3
Shirpur–Chopda,Chopda,40,5,3
Shirpur–Dhule,Dhule,40,10,3
Shirpur–Dhule,Dhule,40,10,3
Shirpur–Dhule,Dhule,40,10,3
Shirpur–Dhule,Dhule,40,10,3
Shirpur–Chopda,Chopda,40,10,3
Shirpur–Chopda,Chopda,40,10,3
Shirpur–Chopda,Chopda,40,10,3
Shirpur–Dhule,Dhule,40,15,2
Shirpur–Dhule,Dhule,40,15,2
Shirpur–Dhule,Dhule,40,15,2
Shirpur–Dhule,Dhule,40,15,2
Shirpur–Chopda,Chopda,40,15,3
Shirpur–Chopda,Chopda,40,15,3
Shirpur–Chopda,Chopda,40,15,3
Shirpur–Dhule,Dhule,40,20,2
Shirpur–Dhule,Dhule,40,20,2
Shirpur–Dhule,Dhule,40,20,2
Shirpur–Dhule,Dhule,40,20,2
Shirpur–Chopda,Chopda,40,20,3
Shirpur–Chopda,Chopda,40,20,3
Shirpur–Chopda,Chopda,40,20,3
Shirpur–Dhule,Dhule,40,30,2
Shirpur–Dhule,Dhule,40,30,2
Shirpur–Dhule,Dhule,40,30,2
Shirpur–Dhule,Dhule,40,30,2
Shirpur–Chopda,Chopda,40,30,2
Shirpur–Chopda,Chopda,40,30,2
Shirpur–Chopda,Chopda,40,30,2
Shirpur–Dhule,Dhule,45,5,3
Shirpur–Dhule,Dhule,45,5,3
Shirpur–Dhule,Dhule,45,5,3
Shirpur–Dhule,Dhule,45,5,3
Shirpur–Chopda,Chopda,45,5,3
Shirpur–Chopda,Chopda,45,5,3
Shirpur–Chopda,Chopda,45,5,3
Shirpur–Dhule,Dhule,45,10,3
Shirpur–Dhule,Dhule,45,10,3
Shirpur–Dhule,Dhule,45,10,3
Shirpur–Dhule,Dhule,45,10,3
Shirpur–Chopda,Chopda,45,10,3
Shirpur–Chopda,Chopda,45,10,3
Shirpur–Chopda,Chopda,45,10,3
Shirpur–Dhule,Dhule,45,15,3
Shirpur–Dhule,Dhule,45,15,3
Shirpur–Dhule,Dhule,45,15,3
Shirpur–Dhule,Dhule,45,15,3
Shirpur–Chopda,Chopda,45,15,3
Shirpur–Chopda,Chopda,45,15,3
Shirpur–Chopda,Chopda,45,15,3
Shirpur–Dhule,Dhule,45,20,3
Shirpur–Dhule,Dhule,45,20,3
Shirpur–Dhule,Dhule,45,20,3
Shirpur–Dhule,Dhule,45,20,3
Shirpur–Chopda,Chopda,45,20,3
Shirpur–Chopda,Chopda,45,20,3
Shirpur–Chopda,Chopda,45,20,3
Shirpur–Dhule,Dhule,45,30,3
Shirpur–Dhule,Dhule,45,30,3
Shirpur–Dhule,Dhule,45,30,3
Shirpur–Dhule,Dhule,45,30,3
Shirpur–Chopda,Chopda,45,30,3
Shirpur–Chopda,Chopda,45,30,3
Shirpur–Chopda,Chopda,45,30,3
Shirpur–Dhule,Dhule,50,5,3
Shirpur–Dhule,Dhule,50,5,3
Shirpur–Dhule,Dhule,50,5,3
Shirpur–Dhule,Dhule,50,5,3
Shirpur–Chopda,Chopda,50,5,4
Shirpur–Chopda,Chopda,50,5,4
Shirpur–Chopda,Chopda,50,5,4
Shirpur–Dhule,Dhule,50,10,3
Shirpur–Dhule,Dhule,50,10,3
Shirpur–Dhule,Dhule,50,10,3
Shirpur–Dhule,Dhule,50,10,3
Shirpur–Chopda,Chopda,50,10,4
Shirpur–Chopda,Chopda,50,10,4
Shirpur–Chopda,Chopda,50,10,4
Shirpur–Dhule,Dhule,50,15,3
Shirpur–Dhule,Dhule,50,15,3
Shirpur–Dhule,Dhule,50,15,3
Shirpur–Dhule,Dhule,50,15,3
Shirpur–Chopda,Chopda,50,15,3
Shirpur–Chopda,Chopda,50,15,3
Shirpur–Chopda,Chopda,50,15,3
Shirpur–Dhule,Dhule,50,20,3
Shirpur–Dhule,Dhule,50,20,3
Shirpur–Dhule,Dhule,50,20,3
Shirpur–Dhule,Dhule,50,20,3
Shirpur–Chopda,Chopda,50,20,3
Shirpur–Chopda,Chopda,50,20,3
Shirpur–Chopda,Chopda,50,20,3
Shirpur–Dhule,Dhule,50,30,3
Shirpur–Dhule,Dhule,50,30,3
Shirpur–Dhule,Dhule,50,30,3
Shirpur–Dhule,Dhule,50,30,3
Shirpur–Chopda,Chopda,50,30,3
Shirpur–Chopda,Chopda,50,30,3
Shirpur–Chopda,Chopda,50,30,3
Shirpur–Dhule,Dhule,55,5,4
Shirpur–Dhule,Dhule,55,5,4
Shirpur–Dhule,Dhule,55,5,4
Shirpur–Dhule,Dhule,55,5,4
Shirpur–Chopda,Chopda,55,5,4
Shirpur–Chopda,Chopda,55,5,4
Shirpur–Chopda,Chopda,55,5,4
Shirpur–Dhule,Dhule,55,10,4
Shirpur–Dhule,Dhule,55,10,4
Shirpur–Dhule,Dhule,55,10,4
Shirpur–Dhule,Dhule,55,10,4
Shirpur–Chopda,Chopda,55,10,4
Shirpur–Chopda,Chopda,55,10,4
Shirpur–Chopda,Chopda,55,10,4
Shirpur–Dhule,Dhule,55,15,3
Shirpur–Dhule,Dhule,55,15,3
Shirpur–Dhule,Dhule,55,15,3
Shirpur–Dhule,Dhule,55,15,3
Shirpur–Chopda,Chopda,55,15,4
Shirpur–Chopda,Chopda,55,15,4
Shirpur–Chopda,Chopda,55,15,4
Shirpur–Dhule,Dhule,55,20,3
Shirpur–Dhule,Dhule,55,20,3
Shirpur–Dhule,Dhule,55,20,3
Shirpur–Dhule,Dhule,55,20,3
Shirpur–Chopda,Chopda,55,20,4
Shirpur–Chopda,Chopda,55,20,4
Shirpur–Chopda,Chopda,55,20,4
Shirpur–Dhule,Dhule,55,30,3
Shirpur–Dhule,Dhule,55,30,3
Shirpur–Dhule,Dhule,55,30,3
Shirpur–Dhule,Dhule,55,30,3
Shirpur–Chopda,Chopda,55,30,3
Shirpur–Chopda,Chopda,55,30,3
Shirpur–Chopda,Chopda,55,30,3
Shirpur–Dhule,Dhule,60,5,4
Shirpur–Dhule,Dhule,60,5,4
Shirpur–Dhule,Dhule,60,5,4
Shirpur–Dhule,Dhule,60,5,4
Shirpur–Chopda,Chopda,60,5,5
Shirpur–Chopda,Chopda,60,5,5
Shirpur–Chopda,Chopda,60,5,5
Shirpur–Dhule,Dhule,60,10,4
Shirpur–Dhule,Dhule,60,10,4
Shirpur–Dhule,Dhule,60,10,4
Shirpur–Dhule,Dhule,60,10,4
Shirpur–Chopda,Chopda,60,10,4
Shirpur–Chopda,Chopda,60,10,4
Shirpur–Chopda,Chopda,60,10,4
Shirpur–Dhule,Dhule,60,15,4
Shirpur–Dhule,Dhule,60,15,4
Shirpur–Dhule,Dhule,60,15,4
Shirpur–Dhule,Dhule,60,15,4
Shirpur–Chopda,Chopda,60,15,4
Shirpur–Chopda,Chopda,60,15,4
Shirpur–Chopda,Chopda,60,15,4
Shirpur–Dhule,Dhule,60,20,4
Shirpur–Dhule,Dhule,60,20,4
Shirpur–Dhule,Dhule,60,20,4
Shirpur–Dhule,Dhule,60,20,4
Shirpur–Chopda,Chopda,60,20,4
Shirpur–Chopda,Chopda,60,20,4
Shirpur–Chopda,Chopda,60,20,4
Shirpur–Dhule,Dhule,60,30,3
Shirpur–Dhule,Dhule,60,30,3
Shirpur–Dhule,Dhule,60,30,3
Shirpur–Dhule,Dhule,60,30,3
Shirpur–Chopda,Chopda,60,30,4
Shirpur–Chopda,Chopda,60,30,4
Shirpur–Chopda,Chopda,60,30,4
